id,first_name,last_name,email,gender,ip_address
1,Emmott,Thickett,ethickett0@pcworld.com,Polygender,50.140.219.227
2,Gifford,Peatheyjohns,gpeatheyjohns1@cbslocal.com,Male,85.141.69.223
3,Christie,Lodo,clodo2@cloudflare.com,Polygender,36.214.239.249
4,Jemimah,Aingel,jaingel3@soundcloud.com,Female,158.116.62.8
5,Billie,Perch,bperch4@blinklist.com,Female,33.247.134.43
6,Griselda,Dilger,gdilger5@weibo.com,Agender,26.52.139.58
7,Redd,Calan,rcalan6@last.fm,Polygender,188.241.29.57
8,Joni,Roselli,jroselli7@nbcnews.com,Female,72.3.206.170
9,Curran,Wither,cwither8@naver.com,Non-binary,237.229.116.120
10,Guthrie,Ballin,gballin9@clickbank.net,Polygender,214.191.70.27
